[
  {
    "id": 1,
    "পদবী": "প্রধান শিক্ষক",
    "নাম": "মোঃ আরিফ হোসেন",
    "ফোন": "01711234567",
    "ইমেইল": "arif@example.com",
    "ঠিকানা": "ধানমন্ডি, ঢাকা, বাংলাদেশ",
    "শিক্ষাগত_যোগ্যতা": "বি.এ (ইংরেজি)",
    "ট্রেনিং": "শিক্ষা ব্যবস্থাপনা প্রশিক্ষণ",
    "জাতীয়তা": "বাংলাদেশী",
    "জাতীয়_পরিচয়_নং": "1991123456789",
    "জন্মতারিখ": "1980-05-12",
    "রক্তের_গ্রুপ": "B+",
    "যোগদানের_তারিখ": "2008-03-01",
    "ছবি": "/homepage/headMaster.jpg"
  },
  {
    "id": 2,
    "পদবী": "সহকারী প্রধান শিক্ষক",
    "নাম": "সুলতান মাহমুদ",
    "ফোন": "01719876543",
    "ইমেইল": "sultan@example.com",
    "ঠিকানা": "বনানী, ঢাকা, বাংলাদেশ",
    "শিক্ষাগত_যোগ্যতা": "এম.এসসি (গণিত)",
    "ট্রেনিং": "শিক্ষা ব্যবস্থাপনা প্রশিক্ষণ",
    "জাতীয়তা": "বাংলাদেশী",
    "জাতীয়_পরিচয়_নং": "1989123456789",
    "জন্মতারিখ": "1978-11-23",
    "রক্তের_গ্রুপ": "O+",
    "যোগদানের_তারিখ": "2010-06-15",
    "ছবি": "/homepage/headMaster.jpg"
  },
  {
    "id": 3,
    "পদবী": "কম্পিউটার শিক্ষক",
    "নাম": "মোঃ শাকিল রানা",
    "ফোন": "01716789012",
    "ইমেইল": "shakil@example.com",
    "ঠিকানা": "উত্তরা, ঢাকা, বাংলাদেশ",
    "শিক্ষাগত_যোগ্যতা": "বি.এসসি (কম্পিউটার সায়েন্স)",
    "ট্রেনিং": "শিক্ষা ব্যবস্থাপনা প্রশিক্ষণ",
    "জাতীয়তা": "বাংলাদেশী",
    "জাতীয়_পরিচয়_নং": "1992123456789",
    "জন্মতারিখ": "1985-07-09",
    "রক্তের_গ্রুপ": "A-",
    "যোগদানের_তারিখ": "2012-01-20",
    "ছবি": "/homepage/headMaster.jpg"
  },
  {
    "id": 4,
    "পদবী": "পদার্থবিজ্ঞান শিক্ষক",
    "নাম": "মোঃ হাসানুজ্জামান",
    "ফোন": "01714567890",
    "ইমেইল": "hasan@example.com",
    "ঠিকানা": "মিরপুর, ঢাকা, বাংলাদেশ",
    "শিক্ষাগত_যোগ্যতা": "এম.এসসি (ফিজিক্স)",
    "ট্রেনিং": "শিক্ষা ব্যবস্থাপনা প্রশিক্ষণ",
    "জাতীয়তা": "বাংলাদেশী",
    "জাতীয়_পরিচয়_নং": "1988123456789",
    "জন্মতারিখ": "1979-09-17",
    "রক্তের_গ্রুপ": "AB+",
    "যোগদানের_তারিখ": "2007-08-10",
    "ছবি": "/homepage/headMaster.jpg"
  },
  {
    "id": 5,
    "পদবী": "ইতিহাস শিক্ষক",
    "নাম": "মোঃ তানভীর হোসেন",
    "ফোন": "01710987654",
    "ইমেইল": "tanvir@example.com",
    "ঠিকানা": "গুলশান, ঢাকা, বাংলাদেশ",
    "শিক্ষাগত_যোগ্যতা": "বি.এ (ইতিহাস)",
    "ট্রেনিং": "শিক্ষা ব্যবস্থাপনা প্রশিক্ষণ",
    "জাতীয়তা": "বাংলাদেশী",
    "জাতীয়_পরিচয়_নং": "1993123456789",
    "জন্মতারিখ": "1982-02-28",
    "রক্তের_গ্রুপ": "O-",
    "যোগদানের_তারিখ": "2011-04-12",
    "ছবি": "/homepage/headMaster.jpg"
  },
  {
    "id": 1,
    "পদবী": "প্রধান শিক্ষক",
    "নাম": "মোঃ আরিফ হোসেন",
    "ফোন": "01711234567",
    "ইমেইল": "arif@example.com",
    "ঠিকানা": "ধানমন্ডি, ঢাকা, বাংলাদেশ",
    "শিক্ষাগত_যোগ্যতা": "বি.এ (ইংরেজি)",
    "ট্রেনিং": "শিক্ষা ব্যবস্থাপনা প্রশিক্ষণ",
    "জাতীয়তা": "বাংলাদেশী",
    "জাতীয়_পরিচয়_নং": "1991123456789",
    "জন্মতারিখ": "1980-05-12",
    "রক্তের_গ্রুপ": "B+",
    "যোগদানের_তারিখ": "2008-03-01",
    "ছবি": "/homepage/headMaster.jpg"
  },
  {
    "id": 2,
    "পদবী": "সহকারী প্রধান শিক্ষক",
    "নাম": "সুলতান মাহমুদ",
    "ফোন": "01719876543",
    "ইমেইল": "sultan@example.com",
    "ঠিকানা": "বনানী, ঢাকা, বাংলাদেশ",
    "শিক্ষাগত_যোগ্যতা": "এম.এসসি (গণিত)",
    "ট্রেনিং": "শিক্ষা ব্যবস্থাপনা প্রশিক্ষণ",
    "জাতীয়তা": "বাংলাদেশী",
    "জাতীয়_পরিচয়_নং": "1989123456789",
    "জন্মতারিখ": "1978-11-23",
    "রক্তের_গ্রুপ": "O+",
    "যোগদানের_তারিখ": "2010-06-15",
    "ছবি": "/homepage/headMaster.jpg"
  },
  {
    "id": 3,
    "পদবী": "কম্পিউটার শিক্ষক",
    "নাম": "মোঃ শাকিল রানা",
    "ফোন": "01716789012",
    "ইমেইল": "shakil@example.com",
    "ঠিকানা": "উত্তরা, ঢাকা, বাংলাদেশ",
    "শিক্ষাগত_যোগ্যতা": "বি.এসসি (কম্পিউটার সায়েন্স)",
    "ট্রেনিং": "শিক্ষা ব্যবস্থাপনা প্রশিক্ষণ",
    "জাতীয়তা": "বাংলাদেশী",
    "জাতীয়_পরিচয়_নং": "1992123456789",
    "জন্মতারিখ": "1985-07-09",
    "রক্তের_গ্রুপ": "A-",
    "যোগদানের_তারিখ": "2012-01-20",
    "ছবি": "/homepage/headMaster.jpg"
  },
  {
    "id": 4,
    "পদবী": "পদার্থবিজ্ঞান শিক্ষক",
    "নাম": "মোঃ হাসানুজ্জামান",
    "ফোন": "01714567890",
    "ইমেইল": "hasan@example.com",
    "ঠিকানা": "মিরপুর, ঢাকা, বাংলাদেশ",
    "শিক্ষাগত_যোগ্যতা": "এম.এসসি (ফিজিক্স)",
    "ট্রেনিং": "শিক্ষা ব্যবস্থাপনা প্রশিক্ষণ",
    "জাতীয়তা": "বাংলাদেশী",
    "জাতীয়_পরিচয়_নং": "1988123456789",
    "জন্মতারিখ": "1979-09-17",
    "রক্তের_গ্রুপ": "AB+",
    "যোগদানের_তারিখ": "2007-08-10",
    "ছবি": "/homepage/headMaster.jpg"
  },
  {
    "id": 5,
    "পদবী": "ইতিহাস শিক্ষক",
    "নাম": "মোঃ তানভীর হোসেন",
    "ফোন": "01710987654",
    "ইমেইল": "tanvir@example.com",
    "ঠিকানা": "গুলশান, ঢাকা, বাংলাদেশ",
    "শিক্ষাগত_যোগ্যতা": "বি.এ (ইতিহাস)",
    "ট্রেনিং": "শিক্ষা ব্যবস্থাপনা প্রশিক্ষণ",
    "জাতীয়তা": "বাংলাদেশী",
    "জাতীয়_পরিচয়_নং": "1993123456789",
    "জন্মতারিখ": "1982-02-28",
    "রক্তের_গ্রুপ": "O-",
    "যোগদানের_তারিখ": "2011-04-12",
    "ছবি": "/homepage/headMaster.jpg"
  },{
    "id": 1,
    "পদবী": "প্রধান শিক্ষক",
    "নাম": "মোঃ আরিফ হোসেন",
    "ফোন": "01711234567",
    "ইমেইল": "arif@example.com",
    "ঠিকানা": "ধানমন্ডি, ঢাকা, বাংলাদেশ",
    "শিক্ষাগত_যোগ্যতা": "বি.এ (ইংরেজি)",
    "ট্রেনিং": "শিক্ষা ব্যবস্থাপনা প্রশিক্ষণ",
    "জাতীয়তা": "বাংলাদেশী",
    "জাতীয়_পরিচয়_নং": "1991123456789",
    "জন্মতারিখ": "1980-05-12",
    "রক্তের_গ্রুপ": "B+",
    "যোগদানের_তারিখ": "2008-03-01",
    "ছবি": "/homepage/headMaster.jpg"
  },
  {
    "id": 2,
    "পদবী": "সহকারী প্রধান শিক্ষক",
    "নাম": "সুলতান মাহমুদ",
    "ফোন": "01719876543",
    "ইমেইল": "sultan@example.com",
    "ঠিকানা": "বনানী, ঢাকা, বাংলাদেশ",
    "শিক্ষাগত_যোগ্যতা": "এম.এসসি (গণিত)",
    "ট্রেনিং": "শিক্ষা ব্যবস্থাপনা প্রশিক্ষণ",
    "জাতীয়তা": "বাংলাদেশী",
    "জাতীয়_পরিচয়_নং": "1989123456789",
    "জন্মতারিখ": "1978-11-23",
    "রক্তের_গ্রুপ": "O+",
    "যোগদানের_তারিখ": "2010-06-15",
    "ছবি": "/homepage/headMaster.jpg"
  },
  {
    "id": 3,
    "পদবী": "কম্পিউটার শিক্ষক",
    "নাম": "মোঃ শাকিল রানা",
    "ফোন": "01716789012",
    "ইমেইল": "shakil@example.com",
    "ঠিকানা": "উত্তরা, ঢাকা, বাংলাদেশ",
    "শিক্ষাগত_যোগ্যতা": "বি.এসসি (কম্পিউটার সায়েন্স)",
    "ট্রেনিং": "শিক্ষা ব্যবস্থাপনা প্রশিক্ষণ",
    "জাতীয়তা": "বাংলাদেশী",
    "জাতীয়_পরিচয়_নং": "1992123456789",
    "জন্মতারিখ": "1985-07-09",
    "রক্তের_গ্রুপ": "A-",
    "যোগদানের_তারিখ": "2012-01-20",
    "ছবি": "/homepage/headMaster.jpg"
  },
  {
    "id": 4,
    "পদবী": "পদার্থবিজ্ঞান শিক্ষক",
    "নাম": "মোঃ হাসানুজ্জামান",
    "ফোন": "01714567890",
    "ইমেইল": "hasan@example.com",
    "ঠিকানা": "মিরপুর, ঢাকা, বাংলাদেশ",
    "শিক্ষাগত_যোগ্যতা": "এম.এসসি (ফিজিক্স)",
    "ট্রেনিং": "শিক্ষা ব্যবস্থাপনা প্রশিক্ষণ",
    "জাতীয়তা": "বাংলাদেশী",
    "জাতীয়_পরিচয়_নং": "1988123456789",
    "জন্মতারিখ": "1979-09-17",
    "রক্তের_গ্রুপ": "AB+",
    "যোগদানের_তারিখ": "2007-08-10",
    "ছবি": "/homepage/headMaster.jpg"
  },
  {
    "id": 5,
    "পদবী": "ইতিহাস শিক্ষক",
    "নাম": "মোঃ তানভীর হোসেন",
    "ফোন": "01710987654",
    "ইমেইল": "tanvir@example.com",
    "ঠিকানা": "গুলশান, ঢাকা, বাংলাদেশ",
    "শিক্ষাগত_যোগ্যতা": "বি.এ (ইতিহাস)",
    "ট্রেনিং": "শিক্ষা ব্যবস্থাপনা প্রশিক্ষণ",
    "জাতীয়তা": "বাংলাদেশী",
    "জাতীয়_পরিচয়_নং": "1993123456789",
    "জন্মতারিখ": "1982-02-28",
    "রক্তের_গ্রুপ": "O-",
    "যোগদানের_তারিখ": "2011-04-12",
    "ছবি": "/homepage/headMaster.jpg"
  },{
    "id": 1,
    "পদবী": "প্রধান শিক্ষক",
    "নাম": "মোঃ আরিফ হোসেন",
    "ফোন": "01711234567",
    "ইমেইল": "arif@example.com",
    "ঠিকানা": "ধানমন্ডি, ঢাকা, বাংলাদেশ",
    "শিক্ষাগত_যোগ্যতা": "বি.এ (ইংরেজি)",
    "ট্রেনিং": "শিক্ষা ব্যবস্থাপনা প্রশিক্ষণ",
    "জাতীয়তা": "বাংলাদেশী",
    "জাতীয়_পরিচয়_নং": "1991123456789",
    "জন্মতারিখ": "1980-05-12",
    "রক্তের_গ্রুপ": "B+",
    "যোগদানের_তারিখ": "2008-03-01",
    "ছবি": "/homepage/headMaster.jpg"
  },
  {
    "id": 2,
    "পদবী": "সহকারী প্রধান শিক্ষক",
    "নাম": "সুলতান মাহমুদ",
    "ফোন": "01719876543",
    "ইমেইল": "sultan@example.com",
    "ঠিকানা": "বনানী, ঢাকা, বাংলাদেশ",
    "শিক্ষাগত_যোগ্যতা": "এম.এসসি (গণিত)",
    "ট্রেনিং": "শিক্ষা ব্যবস্থাপনা প্রশিক্ষণ",
    "জাতীয়তা": "বাংলাদেশী",
    "জাতীয়_পরিচয়_নং": "1989123456789",
    "জন্মতারিখ": "1978-11-23",
    "রক্তের_গ্রুপ": "O+",
    "যোগদানের_তারিখ": "2010-06-15",
    "ছবি": "/homepage/headMaster.jpg"
  },
  {
    "id": 3,
    "পদবী": "কম্পিউটার শিক্ষক",
    "নাম": "মোঃ শাকিল রানা",
    "ফোন": "01716789012",
    "ইমেইল": "shakil@example.com",
    "ঠিকানা": "উত্তরা, ঢাকা, বাংলাদেশ",
    "শিক্ষাগত_যোগ্যতা": "বি.এসসি (কম্পিউটার সায়েন্স)",
    "ট্রেনিং": "শিক্ষা ব্যবস্থাপনা প্রশিক্ষণ",
    "জাতীয়তা": "বাংলাদেশী",
    "জাতীয়_পরিচয়_নং": "1992123456789",
    "জন্মতারিখ": "1985-07-09",
    "রক্তের_গ্রুপ": "A-",
    "যোগদানের_তারিখ": "2012-01-20",
    "ছবি": "/homepage/headMaster.jpg"
  },
  {
    "id": 4,
    "পদবী": "পদার্থবিজ্ঞান শিক্ষক",
    "নাম": "মোঃ হাসানুজ্জামান",
    "ফোন": "01714567890",
    "ইমেইল": "hasan@example.com",
    "ঠিকানা": "মিরপুর, ঢাকা, বাংলাদেশ",
    "শিক্ষাগত_যোগ্যতা": "এম.এসসি (ফিজিক্স)",
    "ট্রেনিং": "শিক্ষা ব্যবস্থাপনা প্রশিক্ষণ",
    "জাতীয়তা": "বাংলাদেশী",
    "জাতীয়_পরিচয়_নং": "1988123456789",
    "জন্মতারিখ": "1979-09-17",
    "রক্তের_গ্রুপ": "AB+",
    "যোগদানের_তারিখ": "2007-08-10",
    "ছবি": "/homepage/headMaster.jpg"
  },
  {
    "id": 5,
    "পদবী": "ইতিহাস শিক্ষক",
    "নাম": "মোঃ তানভীর হোসেন",
    "ফোন": "01710987654",
    "ইমেইল": "tanvir@example.com",
    "ঠিকানা": "গুলশান, ঢাকা, বাংলাদেশ",
    "শিক্ষাগত_যোগ্যতা": "বি.এ (ইতিহাস)",
    "ট্রেনিং": "শিক্ষা ব্যবস্থাপনা প্রশিক্ষণ",
    "জাতীয়তা": "বাংলাদেশী",
    "জাতীয়_পরিচয়_নং": "1993123456789",
    "জন্মতারিখ": "1982-02-28",
    "রক্তের_গ্রুপ": "O-",
    "যোগদানের_তারিখ": "2011-04-12",
    "ছবি": "/homepage/headMaster.jpg"
  },{
    "id": 1,
    "পদবী": "প্রধান শিক্ষক",
    "নাম": "মোঃ আরিফ হোসেন",
    "ফোন": "01711234567",
    "ইমেইল": "arif@example.com",
    "ঠিকানা": "ধানমন্ডি, ঢাকা, বাংলাদেশ",
    "শিক্ষাগত_যোগ্যতা": "বি.এ (ইংরেজি)",
    "ট্রেনিং": "শিক্ষা ব্যবস্থাপনা প্রশিক্ষণ",
    "জাতীয়তা": "বাংলাদেশী",
    "জাতীয়_পরিচয়_নং": "1991123456789",
    "জন্মতারিখ": "1980-05-12",
    "রক্তের_গ্রুপ": "B+",
    "যোগদানের_তারিখ": "2008-03-01",
    "ছবি": "/homepage/headMaster.jpg"
  },
  {
    "id": 2,
    "পদবী": "সহকারী প্রধান শিক্ষক",
    "নাম": "সুলতান মাহমুদ",
    "ফোন": "01719876543",
    "ইমেইল": "sultan@example.com",
    "ঠিকানা": "বনানী, ঢাকা, বাংলাদেশ",
    "শিক্ষাগত_যোগ্যতা": "এম.এসসি (গণিত)",
    "ট্রেনিং": "শিক্ষা ব্যবস্থাপনা প্রশিক্ষণ",
    "জাতীয়তা": "বাংলাদেশী",
    "জাতীয়_পরিচয়_নং": "1989123456789",
    "জন্মতারিখ": "1978-11-23",
    "রক্তের_গ্রুপ": "O+",
    "যোগদানের_তারিখ": "2010-06-15",
    "ছবি": "/homepage/headMaster.jpg"
  },
  {
    "id": 3,
    "পদবী": "কম্পিউটার শিক্ষক",
    "নাম": "মোঃ শাকিল রানা",
    "ফোন": "01716789012",
    "ইমেইল": "shakil@example.com",
    "ঠিকানা": "উত্তরা, ঢাকা, বাংলাদেশ",
    "শিক্ষাগত_যোগ্যতা": "বি.এসসি (কম্পিউটার সায়েন্স)",
    "ট্রেনিং": "শিক্ষা ব্যবস্থাপনা প্রশিক্ষণ",
    "জাতীয়তা": "বাংলাদেশী",
    "জাতীয়_পরিচয়_নং": "1992123456789",
    "জন্মতারিখ": "1985-07-09",
    "রক্তের_গ্রুপ": "A-",
    "যোগদানের_তারিখ": "2012-01-20",
    "ছবি": "/homepage/headMaster.jpg"
  },
  {
    "id": 4,
    "পদবী": "পদার্থবিজ্ঞান শিক্ষক",
    "নাম": "মোঃ হাসানুজ্জামান",
    "ফোন": "01714567890",
    "ইমেইল": "hasan@example.com",
    "ঠিকানা": "মিরপুর, ঢাকা, বাংলাদেশ",
    "শিক্ষাগত_যোগ্যতা": "এম.এসসি (ফিজিক্স)",
    "ট্রেনিং": "শিক্ষা ব্যবস্থাপনা প্রশিক্ষণ",
    "জাতীয়তা": "বাংলাদেশী",
    "জাতীয়_পরিচয়_নং": "1988123456789",
    "জন্মতারিখ": "1979-09-17",
    "রক্তের_গ্রুপ": "AB+",
    "যোগদানের_তারিখ": "2007-08-10",
    "ছবি": "/homepage/headMaster.jpg"
  },
  {
    "id": 5,
    "পদবী": "ইতিহাস শিক্ষক",
    "নাম": "মোঃ তানভীর হোসেন",
    "ফোন": "01710987654",
    "ইমেইল": "tanvir@example.com",
    "ঠিকানা": "গুলশান, ঢাকা, বাংলাদেশ",
    "শিক্ষাগত_যোগ্যতা": "বি.এ (ইতিহাস)",
    "ট্রেনিং": "শিক্ষা ব্যবস্থাপনা প্রশিক্ষণ",
    "জাতীয়তা": "বাংলাদেশী",
    "জাতীয়_পরিচয়_নং": "1993123456789",
    "জন্মতারিখ": "1982-02-28",
    "রক্তের_গ্রুপ": "O-",
    "যোগদানের_তারিখ": "2011-04-12",
    "ছবি": "/homepage/headMaster.jpg"
  }
]
