[
    {
    "id": 1,
    "পদবী": "প্রধান শিক্ষক",
    "নাম": "মোঃ রফিকুল ইসলাম",
    "ফোন": "01712345678",
    "ইমেইল": "rafiqul@example.com",
    "ঠিকানা": "উত্তরা, ঢাকা, বাংলাদেশ",
    "শিক্ষাগত_যোগ্যতা": "এম.এ (বাংলা)",
    "ট্রেনিং": "শিক্ষা ব্যবস্থাপনা প্রশিক্ষণ",
    "জাতীয়তা": "বাংলাদেশী",
    "জাতীয়_পরিচয়_নং": "1990123456789",
    "জন্মতারিখ": "1975-03-20",
    "রক্তের_গ্রুপ": "A+",
    "যোগদানের_তারিখ": "2005-07-14",
    "ছবি": "public/homepage/headMaster.jpg"
  }
]