[
  {
    "class_name": "ষষ্ঠ শ্রেণির রুটিন",
    "last_update": "20-11-2025",
    "file": "/pdf/notice/Sabbir_update_CV.pdf"
  },
  {
    "class_name": "সপ্তম শ্রেণির রুটিন",
    "last_update": "20-11-2025",
    "file": "/DATA/routinePdf/class7.pdf"
  },
  {
    "class_name": "অষ্টম শ্রেণির রুটিন",
    "last_update": "20-11-2025",
    "file": "/DATA/routinePdf/class8.pdf"
  },
  {
    "class_name": "নবম শ্রেণির রুটিন",
    "last_update": "20-11-2025",
    "file": "/DATA/routinePdf/class9.pdf"
  },
  {
    "class_name": "দশম শ্রেণির রুটিন",
    "last_update": "20-11-2025",
    "file": "/DATA/routinePdf/class10.pdf"
  }
]
